use testex3;


insert into `testex3`.`building` (`id`, `name`, `street`, `ward`, `district`, `structure`, `numberofbasement`, `floorarea`, `direction`, `level`, `rentprice`, `rentpricedescription`, `servicefee`, `carfee`, `motorbikefee`, `overtimefee`, `waterfee`, `electricityfee`, `deposit`, `payment`, `renttime`, `decorationtime`, `brokeragefee`, `type`, `note`, `linkofbuilding`, `map`, `avatar`, `createddate`, `modifieddate`, `createdby`, `modifiedby`) VALUES (1,'Nam Giao Building Tower','59 phan xích long','Phường 2','QUAN_1',NULL,2,500,NULL,NULL,15,'15 triệu/m2',NULL,NULL,NULL,NULL,NULL,NULL,NULL,NULL,NULL,NULL,NULL,'TANG_TRET,NGUYEN_CAN',NULL,NULL,NULL,NULL,NULL,NULL,NULL,NULL),(2,'ACM Tower','96 cao thắng','Phường 4','QUAN_2',NULL,2,650,NULL,NULL,18,'18 triệu/m2',NULL,NULL,NULL,NULL,NULL,NULL,NULL,NULL,NULL,NULL,NULL,'NGUYEN_CAN',NULL,NULL,NULL,NULL,NULL,NULL,NULL,NULL),(3,'Alpha 2 Building Tower','153 nguyễn đình chiểu','Phường 6','QUAN_1',NULL,1,200,NULL,NULL,20,'20 triệu/m2',NULL,NULL,NULL,NULL,NULL,NULL,NULL,NULL,NULL,NULL,NULL,'NOI_THAT',NULL,NULL,NULL,NULL,NULL,NULL,NULL,NULL),(4,'IDD 1 Building','111 Lý Chính Thắng','Phường 7','QUAN_4',NULL,1,200,NULL,NULL,12,'12 triệu/m2',NULL,NULL,NULL,NULL,NULL,NULL,NULL,NULL,NULL,NULL,NULL,'TANG_TRET,NGUYEN_CAN,NOI_THAT',NULL,NULL,NULL,NULL,NULL,NULL,NULL,NULL);
insert into role (`id`, `name`, `code`, `createddate`, `modifieddate`, `createdby`, `modifiedby`)
values (1,'Quản lý','MANAGER',NULL,NULL,NULL,NULL),(2,'Nhân viên','STAFF',NULL,NULL,NULL,NULL);
insert into user (`id`, `username`, `password`, `fullname`, `phone`, `email`, `status`, `createddate`, `modifieddate`, `createdby`, `modifiedby`)
VALUES (1,'nguyenvana','$2a$10$/RUbuT9KIqk6f8enaTQiLOXzhnUkiwEJRdtzdrMXXwU7dgnLKTCYG','nguyen van a',NULL,NULL,1,NULL,NULL,NULL,NULL),(2,'nguyenvanb','$2a$10$/RUbuT9KIqk6f8enaTQiLOXzhnUkiwEJRdtzdrMXXwU7dgnLKTCYG','nguyen van b',NULL,NULL,1,NULL,NULL,NULL,NULL),(3,'nguyenvanc','$2a$10$/RUbuT9KIqk6f8enaTQiLOXzhnUkiwEJRdtzdrMXXwU7dgnLKTCYG','nguyen van c',NULL,NULL,1,NULL,NULL,NULL,NULL),(4,'nguyenvand','$2a$10$/RUbuT9KIqk6f8enaTQiLOXzhnUkiwEJRdtzdrMXXwU7dgnLKTCYG','nguyen van d',NULL,NULL,1,NULL,NULL,NULL,NULL);
insert into user_role (`roleid`, `userid`)
VALUES (1,1),(2,2),(2,3),(2,4);

insert into `assignmentbuilding` (`staffid`, `buildingid`) VALUES (2,1),(2,3),(3,1),(3,4);

insert into `rentarea`  (`id`, `value`, `buildingid`, `createddate`, `modifieddate`, `createdby`, `modifiedby`)  VALUES (1,100,1,NULL,NULL,NULL,NULL),(2,200,1,NULL,NULL,NULL,NULL),(3,200,2,NULL,NULL,NULL,NULL),(4,300,2,NULL,NULL,NULL,NULL),(5,400,2,NULL,NULL,NULL,NULL),(6,300,3,NULL,NULL,NULL,NULL),(7,400,3,NULL,NULL,NULL,NULL),(8,500,3,NULL,NULL,NULL,NULL),(9,100,4,NULL,NULL,NULL,NULL),(10,400,4,NULL,NULL,NULL,NULL),(11,250,4,NULL,NULL,NULL,NULL);
